codigo,distrito,local,electores
034611,FERREÑAFE,,
034612,FERREÑAFE,,
034613,FERREÑAFE,,
034614,FERREÑAFE,,
034615,FERREÑAFE,,
034616,FERREÑAFE,,
034617,FERREÑAFE,,
034618,FERREÑAFE,,
034619,FERREÑAFE,,
034620,FERREÑAFE,,
034621,FERREÑAFE,,
034622,FERREÑAFE,,
034623,FERREÑAFE,,
034624,FERREÑAFE,,
034625,FERREÑAFE,,
034626,FERREÑAFE,,
034627,FERREÑAFE,,
034628,FERREÑAFE,,
034629,FERREÑAFE,,
034630,FERREÑAFE,,
034631,FERREÑAFE,,
034632,FERREÑAFE,,
034633,FERREÑAFE,,
034634,FERREÑAFE,,
034635,FERREÑAFE,,
034636,FERREÑAFE,,
034637,FERREÑAFE,,
034638,FERREÑAFE,,
034639,FERREÑAFE,,
034640,FERREÑAFE,,
034641,FERREÑAFE,,
034642,FERREÑAFE,,
034643,FERREÑAFE,,
034644,FERREÑAFE,,
034645,FERREÑAFE,,
034646,FERREÑAFE,,
034647,FERREÑAFE,,
034648,FERREÑAFE,,
034649,FERREÑAFE,,
034650,FERREÑAFE,,
034651,FERREÑAFE,,
034652,FERREÑAFE,,
034653,FERREÑAFE,,
034654,FERREÑAFE,,
034655,FERREÑAFE,,
034656,FERREÑAFE,,
034657,FERREÑAFE,,
034658,FERREÑAFE,,
034659,FERREÑAFE,,
034660,FERREÑAFE,,
034661,FERREÑAFE,,
034662,FERREÑAFE,,
034663,FERREÑAFE,,
034664,FERREÑAFE,,
034665,FERREÑAFE,,
034666,FERREÑAFE,,
034667,FERREÑAFE,,
034668,FERREÑAFE,,
034669,FERREÑAFE,,
034670,FERREÑAFE,,
034671,FERREÑAFE,,
034672,FERREÑAFE,,
034673,FERREÑAFE,,
034674,FERREÑAFE,,
034675,FERREÑAFE,,
034676,FERREÑAFE,,
034677,FERREÑAFE,,
034678,FERREÑAFE,,
034679,FERREÑAFE,,
034680,FERREÑAFE,,
034681,FERREÑAFE,,
034682,FERREÑAFE,,
034683,FERREÑAFE,,
034684,FERREÑAFE,,
034685,FERREÑAFE,,
034686,FERREÑAFE,,
034687,FERREÑAFE,,
034688,FERREÑAFE,,
034689,FERREÑAFE,,
034690,FERREÑAFE,,
034691,FERREÑAFE,,
034692,FERREÑAFE,,
034693,FERREÑAFE,,
034694,FERREÑAFE,,
034695,FERREÑAFE,,
034696,FERREÑAFE,,
034697,FERREÑAFE,,
034698,FERREÑAFE,,
034699,FERREÑAFE,,
034700,FERREÑAFE,,
034701,FERREÑAFE,,
034702,FERREÑAFE,,
034703,FERREÑAFE,,
034704,FERREÑAFE,,
034705,FERREÑAFE,,
034706,FERREÑAFE,,
034707,FERREÑAFE,,
034708,FERREÑAFE,,
034709,FERREÑAFE,,
034710,FERREÑAFE,,
034711,FERREÑAFE,,
034712,INCAHUASI,,
034713,INCAHUASI,,
034714,INCAHUASI,,
034715,INCAHUASI,,
034716,INCAHUASI,,
034717,INCAHUASI,,
034718,INCAHUASI,,
034719,INCAHUASI,,
034720,INCAHUASI,,
034721,INCAHUASI,,
034722,INCAHUASI,,
034723,INCAHUASI,,
034724,INCAHUASI,,
034725,INCAHUASI,,
034726,INCAHUASI,,
034727,INCAHUASI,,
034728,INCAHUASI,,
034729,INCAHUASI,,
034730,INCAHUASI,,
034731,INCAHUASI,,
034732,INCAHUASI,,
034733,INCAHUASI,,
034734,INCAHUASI,,
034735,INCAHUASI,,
034736,INCAHUASI,,
034737,INCAHUASI,,
034738,INCAHUASI,,
034739,INCAHUASI,,
034740,CAÑARIS,,
034741,CAÑARIS,,
034742,CAÑARIS,,
034743,CAÑARIS,,
034744,CAÑARIS,,
034745,CAÑARIS,,
034746,CAÑARIS,,
034747,CAÑARIS,,
034748,CAÑARIS,,
034749,CAÑARIS,,
034750,CAÑARIS,,
034751,CAÑARIS,,
034752,CAÑARIS,,
034753,CAÑARIS,,
034754,PITIPO,,
034755,PITIPO,,
034756,PITIPO,,
034757,PITIPO,,
034758,PITIPO,,
034759,PITIPO,,
034760,PITIPO,,
034761,PITIPO,,
034762,PITIPO,,
034763,PITIPO,,
034764,PITIPO,,
034765,PITIPO,,
034766,PITIPO,,
034767,PITIPO,,
034768,PITIPO,,
034769,PITIPO,,
034770,PITIPO,,
034771,PITIPO,,
034772,PITIPO,,
034773,PITIPO,,
034774,PITIPO,,
034775,PITIPO,,
034776,PITIPO,,
034777,PITIPO,,
034778,PITIPO,,
034779,PITIPO,,
034780,PITIPO,,
034781,PITIPO,,
034782,PITIPO,,
034783,PITIPO,,
034784,PITIPO,,
034785,PITIPO,,
034786,PITIPO,,
034787,PITIPO,,
034788,PITIPO,,
034789,PITIPO,,
034790,PITIPO,,
034791,PITIPO,,
034792,PITIPO,,
034793,PITIPO,,
034794,PITIPO,,
034795,PITIPO,,
034796,PITIPO,,
034797,PITIPO,,
034798,PITIPO,,
034799,PITIPO,,
034800,PITIPO,,
034801,PITIPO,,
034802,PITIPO,,
034803,PITIPO,,
034804,PITIPO,,
034805,PITIPO,,
034806,PITIPO,,
034807,PITIPO,,
034808,PITIPO,,
034809,PITIPO,,
034810,PITIPO,,
034811,PUEBLO NUEVO,,
034812,PUEBLO NUEVO,,
034813,PUEBLO NUEVO,,
034814,PUEBLO NUEVO,,
034815,PUEBLO NUEVO,,
034816,PUEBLO NUEVO,,
034817,PUEBLO NUEVO,,
034818,PUEBLO NUEVO,,
034819,PUEBLO NUEVO,,
034820,PUEBLO NUEVO,,
034821,PUEBLO NUEVO,,
034822,PUEBLO NUEVO,,
034823,PUEBLO NUEVO,,
034824,PUEBLO NUEVO,,
034825,PUEBLO NUEVO,,
034826,PUEBLO NUEVO,,
034827,PUEBLO NUEVO,,
034828,PUEBLO NUEVO,,
034829,PUEBLO NUEVO,,
034830,PUEBLO NUEVO,,
034831,PUEBLO NUEVO,,
034832,PUEBLO NUEVO,,
034833,PUEBLO NUEVO,,
034834,PUEBLO NUEVO,,
034835,PUEBLO NUEVO,,
034836,PUEBLO NUEVO,,
034837,PUEBLO NUEVO,,
034838,PUEBLO NUEVO,,
034839,PUEBLO NUEVO,,
034840,PUEBLO NUEVO,,
034841,PUEBLO NUEVO,,
034842,PUEBLO NUEVO,,
034843,PUEBLO NUEVO,,
034844,PUEBLO NUEVO,,
034845,PUEBLO NUEVO,,
034846,PUEBLO NUEVO,,
034847,PUEBLO NUEVO,,
034848,PUEBLO NUEVO,,
034849,PUEBLO NUEVO,,
034850,PUEBLO NUEVO,,
034851,MANUEL ANTONIO,,
034852,MANUEL ANTONIO,,
034853,MANUEL ANTONIO,,
034854,MANUEL ANTONIO,,
034855,MANUEL ANTONIO,,
034856,MANUEL ANTONIO,,
034857,MANUEL ANTONIO,,
034858,MANUEL ANTONIO,,
034859,MANUEL ANTONIO,,
034860,MANUEL ANTONIO,,
034861,MANUEL ANTONIO,,
034862,MANUEL ANTONIO,,
034863,MANUEL ANTONIO,,
034864,LAMBAYEQUE,,
034865,LAMBAYEQUE,,
034866,LAMBAYEQUE,,
034867,LAMBAYEQUE,,
034868,LAMBAYEQUE,,
034869,LAMBAYEQUE,,
034870,LAMBAYEQUE,,
034871,LAMBAYEQUE,,
034872,LAMBAYEQUE,,
034873,LAMBAYEQUE,,
034874,LAMBAYEQUE,,
034875,LAMBAYEQUE,,
034876,LAMBAYEQUE,,
034877,LAMBAYEQUE,,
034878,LAMBAYEQUE,,
034879,LAMBAYEQUE,,
034880,LAMBAYEQUE,,
034881,LAMBAYEQUE,,
034882,LAMBAYEQUE,,
034883,LAMBAYEQUE,,
034884,LAMBAYEQUE,,
034885,LAMBAYEQUE,,
034886,LAMBAYEQUE,,
034887,LAMBAYEQUE,,
034888,LAMBAYEQUE,,
034889,LAMBAYEQUE,,
034890,LAMBAYEQUE,,
034891,LAMBAYEQUE,,
034892,LAMBAYEQUE,,
034893,LAMBAYEQUE,,
034894,LAMBAYEQUE,,
034895,LAMBAYEQUE,,
034896,LAMBAYEQUE,,
034897,LAMBAYEQUE,,
034898,LAMBAYEQUE,,
034899,LAMBAYEQUE,,
034900,LAMBAYEQUE,,
034901,LAMBAYEQUE,,
034902,LAMBAYEQUE,,
034903,LAMBAYEQUE,,
034904,LAMBAYEQUE,,
034905,LAMBAYEQUE,,
034906,LAMBAYEQUE,,
034907,LAMBAYEQUE,,
034908,LAMBAYEQUE,,
034909,LAMBAYEQUE,,
034910,LAMBAYEQUE,,
034911,LAMBAYEQUE,,
034912,LAMBAYEQUE,,
034913,LAMBAYEQUE,,
034914,LAMBAYEQUE,,
034915,LAMBAYEQUE,,
034916,LAMBAYEQUE,,
034917,LAMBAYEQUE,,
034918,LAMBAYEQUE,,
034919,LAMBAYEQUE,,
034920,LAMBAYEQUE,,
034921,LAMBAYEQUE,,
034922,LAMBAYEQUE,,
034923,LAMBAYEQUE,,
034924,LAMBAYEQUE,,
034925,LAMBAYEQUE,,
034926,LAMBAYEQUE,,
034927,LAMBAYEQUE,,
034928,LAMBAYEQUE,,
034929,LAMBAYEQUE,,
034930,LAMBAYEQUE,,
034931,LAMBAYEQUE,,
034932,LAMBAYEQUE,,
034933,LAMBAYEQUE,,
034934,LAMBAYEQUE,,
034935,LAMBAYEQUE,,
034936,LAMBAYEQUE,,
034937,LAMBAYEQUE,,
034938,LAMBAYEQUE,,
034939,LAMBAYEQUE,,
034940,LAMBAYEQUE,,
034941,LAMBAYEQUE,,
034942,LAMBAYEQUE,,
034943,LAMBAYEQUE,,
034944,LAMBAYEQUE,,
034945,LAMBAYEQUE,,
034946,LAMBAYEQUE,,
034947,LAMBAYEQUE,,
034948,LAMBAYEQUE,,
034949,LAMBAYEQUE,,
034950,LAMBAYEQUE,,
034951,LAMBAYEQUE,,
034952,LAMBAYEQUE,,
034953,LAMBAYEQUE,,
034954,LAMBAYEQUE,,
034955,LAMBAYEQUE,,
034956,LAMBAYEQUE,,
034957,LAMBAYEQUE,,
034958,LAMBAYEQUE,,
034959,LAMBAYEQUE,,
034960,LAMBAYEQUE,,
034961,LAMBAYEQUE,,
034962,LAMBAYEQUE,,
034963,LAMBAYEQUE,,
034964,LAMBAYEQUE,,
034965,LAMBAYEQUE,,
034966,LAMBAYEQUE,,
034967,LAMBAYEQUE,,
034968,LAMBAYEQUE,,
034969,LAMBAYEQUE,,
034970,LAMBAYEQUE,,
034971,LAMBAYEQUE,,
034972,LAMBAYEQUE,,
034973,LAMBAYEQUE,,
034974,LAMBAYEQUE,,
034975,LAMBAYEQUE,,
034976,LAMBAYEQUE,,
034977,LAMBAYEQUE,,
034978,LAMBAYEQUE,,
034979,LAMBAYEQUE,,
034980,LAMBAYEQUE,,
034981,LAMBAYEQUE,,
034982,LAMBAYEQUE,,
034983,LAMBAYEQUE,,
034984,LAMBAYEQUE,,
034985,LAMBAYEQUE,,
034986,LAMBAYEQUE,,
034987,LAMBAYEQUE,,
034988,LAMBAYEQUE,,
034989,LAMBAYEQUE,,
034990,LAMBAYEQUE,,
034991,LAMBAYEQUE,,
034992,LAMBAYEQUE,,
034993,LAMBAYEQUE,,
034994,LAMBAYEQUE,,
034995,LAMBAYEQUE,,
034996,LAMBAYEQUE,,
034997,LAMBAYEQUE,,
034998,LAMBAYEQUE,,
034999,LAMBAYEQUE,,
035000,LAMBAYEQUE,,
035001,LAMBAYEQUE,,
035002,LAMBAYEQUE,,
035003,LAMBAYEQUE,,
035004,LAMBAYEQUE,,
035005,LAMBAYEQUE,,
035006,LAMBAYEQUE,,
035007,LAMBAYEQUE,,
035008,LAMBAYEQUE,,
035009,LAMBAYEQUE,,
035010,LAMBAYEQUE,,
035011,LAMBAYEQUE,,
035012,LAMBAYEQUE,,
035013,LAMBAYEQUE,,
035014,LAMBAYEQUE,,
035015,LAMBAYEQUE,,
035016,LAMBAYEQUE,,
035017,LAMBAYEQUE,,
035018,LAMBAYEQUE,,
035019,LAMBAYEQUE,,
035020,LAMBAYEQUE,,
035021,LAMBAYEQUE,,
035022,LAMBAYEQUE,,
035023,LAMBAYEQUE,,
035024,LAMBAYEQUE,,
035025,LAMBAYEQUE,,
035026,LAMBAYEQUE,,
035027,LAMBAYEQUE,,
035028,LAMBAYEQUE,,
035029,LAMBAYEQUE,,
035030,LAMBAYEQUE,,
035031,LAMBAYEQUE,,
035032,LAMBAYEQUE,,
035033,LAMBAYEQUE,,
035034,LAMBAYEQUE,,
035035,LAMBAYEQUE,,
035036,LAMBAYEQUE,,
035037,LAMBAYEQUE,,
035038,LAMBAYEQUE,,
035039,LAMBAYEQUE,,
035040,LAMBAYEQUE,,
035041,LAMBAYEQUE,,
035042,LAMBAYEQUE,,
035043,LAMBAYEQUE,,
035044,LAMBAYEQUE,,
035045,LAMBAYEQUE,,
035046,LAMBAYEQUE,,
035047,LAMBAYEQUE,,
035048,LAMBAYEQUE,,
035049,LAMBAYEQUE,,
035050,LAMBAYEQUE,,
035051,LAMBAYEQUE,,
035052,LAMBAYEQUE,,
035053,LAMBAYEQUE,,
035054,LAMBAYEQUE,,
035055,LAMBAYEQUE,,
035056,LAMBAYEQUE,,
035057,LAMBAYEQUE,,
035058,LAMBAYEQUE,,
035059,LAMBAYEQUE,,
035060,LAMBAYEQUE,,
035061,LAMBAYEQUE,,
035062,LAMBAYEQUE,,
035063,LAMBAYEQUE,,
035064,LAMBAYEQUE,,
035065,CHOCHOPE,,
035066,CHOCHOPE,,
035067,CHOCHOPE,,
035068,CHOCHOPE,,
035069,CHOCHOPE,,
035070,CHOCHOPE,,
035071,ILLIMO,,
035072,ILLIMO,,
035073,ILLIMO,,
035074,ILLIMO,,
035075,ILLIMO,,
035076,ILLIMO,,
035077,ILLIMO,,
035078,ILLIMO,,
035079,ILLIMO,,
035080,ILLIMO,,
035081,ILLIMO,,
035082,ILLIMO,,
035083,ILLIMO,,
035084,ILLIMO,,
035085,ILLIMO,,
035086,ILLIMO,,
035087,ILLIMO,,
035088,ILLIMO,,
035089,ILLIMO,,
035090,ILLIMO,,
035091,ILLIMO,,
035092,ILLIMO,,
035093,ILLIMO,,
035094,ILLIMO,,
035095,ILLIMO,,
035096,ILLIMO,,
035097,ILLIMO,,
035098,ILLIMO,,
035099,ILLIMO,,
035100,JAYANCA,,
035101,JAYANCA,,
035102,JAYANCA,,
035103,JAYANCA,,
035104,JAYANCA,,
035105,JAYANCA,,
035106,JAYANCA,,
035107,JAYANCA,,
035108,JAYANCA,,
035109,JAYANCA,,
035110,JAYANCA,,
035111,JAYANCA,,
035112,JAYANCA,,
035113,JAYANCA,,
035114,JAYANCA,,
035115,JAYANCA,,
035116,JAYANCA,,
035117,JAYANCA,,
035118,JAYANCA,,
035119,JAYANCA,,
035120,JAYANCA,,
035121,JAYANCA,,
035122,JAYANCA,,
035123,JAYANCA,,
035124,JAYANCA,,
035125,JAYANCA,,
035126,JAYANCA,,
035127,JAYANCA,,
035128,JAYANCA,,
035129,JAYANCA,,
035130,JAYANCA,,
035131,JAYANCA,,
035132,JAYANCA,,
035133,JAYANCA,,
035134,JAYANCA,,
035135,JAYANCA,,
035136,JAYANCA,,
035137,JAYANCA,,
035138,JAYANCA,,
035139,JAYANCA,,
035140,JAYANCA,,
035141,JAYANCA,,
035142,JAYANCA,,
035143,JAYANCA,,
035144,JAYANCA,,
035145,JAYANCA,,
035146,JAYANCA,,
035147,JAYANCA,,
035148,MOCHUMI,,
035149,MOCHUMI,,
035150,MOCHUMI,,
035151,MOCHUMI,,
035152,MOCHUMI,,
035153,MOCHUMI,,
035154,MOCHUMI,,
035155,MOCHUMI,,
035156,MOCHUMI,,
035157,MOCHUMI,,
035158,MOCHUMI,,
035159,MOCHUMI,,
035160,MOCHUMI,,
035161,MOCHUMI,,
035162,MOCHUMI,,
035163,MOCHUMI,,
035164,MOCHUMI,,
035165,MOCHUMI,,
035166,MOCHUMI,,
035167,MOCHUMI,,
035168,MOCHUMI,,
035169,MOCHUMI,,
035170,MOCHUMI,,
035171,MOCHUMI,,
035172,MOCHUMI,,
035173,MOCHUMI,,
035174,MOCHUMI,,
035175,MOCHUMI,,
035176,MOCHUMI,,
035177,MOCHUMI,,
035178,MOCHUMI,,
035179,MOCHUMI,,
035180,MOCHUMI,,
035181,MOCHUMI,,
035182,MOCHUMI,,
035183,MOCHUMI,,
035184,MOCHUMI,,
035185,MOCHUMI,,
035186,MOCHUMI,,
035187,MOCHUMI,,
035188,MOCHUMI,,
035189,MOCHUMI,,
035190,MOCHUMI,,
035191,MOCHUMI,,
035192,MOCHUMI,,
035193,MOCHUMI,,
035194,MOCHUMI,,
035195,MOCHUMI,,
035196,MOCHUMI,,
035197,MOCHUMI,,
035198,MOCHUMI,,
035199,MOCHUMI,,
035200,MOCHUMI,,
035201,MOCHUMI,,
035202,MORROPE,,
035203,MORROPE,,
035204,MORROPE,,
035205,MORROPE,,
035206,MORROPE,,
035207,MORROPE,,
035208,MORROPE,,
035209,MORROPE,,
035210,MORROPE,,
035211,MORROPE,,
035212,MORROPE,,
035213,MORROPE,,
035214,MORROPE,,
035215,MORROPE,,
035216,MORROPE,,
035217,MORROPE,,
035218,MORROPE,,
035219,MORROPE,,
035220,MORROPE,,
035221,MORROPE,,
035222,MORROPE,,
035223,MORROPE,,
035224,MORROPE,,
035225,MORROPE,,
035226,MORROPE,,
035227,MORROPE,,
035228,MORROPE,,
035229,MORROPE,,
035230,MORROPE,,
035231,MORROPE,,
035232,MORROPE,,
035233,MORROPE,,
035234,MORROPE,,
035235,MORROPE,,
035236,MORROPE,,
035237,MORROPE,,
035238,MORROPE,,
035239,MORROPE,,
035240,MORROPE,,
035241,MORROPE,,
035242,MORROPE,,
035243,MORROPE,,
035244,MORROPE,,
035245,MORROPE,,
035246,MORROPE,,
035247,MORROPE,,
035248,MORROPE,,
035249,MORROPE,,
035250,MORROPE,,
035251,MORROPE,,
035252,MORROPE,,
035253,MORROPE,,
035254,MORROPE,,
035255,MORROPE,,
035256,MORROPE,,
035257,MORROPE,,
035258,MORROPE,,
035259,MORROPE,,
035260,MORROPE,,
035261,MORROPE,,
035262,MORROPE,,
035263,MORROPE,,
035264,MORROPE,,
035265,MORROPE,,
035266,MORROPE,,
035267,MORROPE,,
035268,MORROPE,,
035269,MORROPE,,
035270,MORROPE,,
035271,MORROPE,,
035272,MORROPE,,
035273,MORROPE,,
035274,MORROPE,,
035275,MORROPE,,
035276,MORROPE,,
035277,MORROPE,,
035278,MORROPE,,
035279,MORROPE,,
035280,MORROPE,,
035281,MORROPE,,
035282,MORROPE,,
035283,MORROPE,,
035284,MORROPE,,
035285,MORROPE,,
035286,MORROPE,,
035287,MORROPE,,
035288,MORROPE,,
035289,MORROPE,,
035290,MORROPE,,
035291,MORROPE,,
035292,MORROPE,,
035293,MORROPE,,
035294,MORROPE,,
035295,MORROPE,,
035296,MORROPE,,
035297,MOTUPE,,
035298,MOTUPE,,
035299,MOTUPE,,
035300,MOTUPE,,
035301,MOTUPE,,
035302,MOTUPE,,
035303,MOTUPE,,
035304,MOTUPE,,
035305,MOTUPE,,
035306,MOTUPE,,
035307,MOTUPE,,
035308,MOTUPE,,
035309,MOTUPE,,
035310,MOTUPE,,
035311,MOTUPE,,
035312,MOTUPE,,
035313,MOTUPE,,
035314,MOTUPE,,
035315,MOTUPE,,
035316,MOTUPE,,
035317,MOTUPE,,
035318,MOTUPE,,
035319,MOTUPE,,
035320,MOTUPE,,
035321,MOTUPE,,
035322,MOTUPE,,
035323,MOTUPE,,
035324,MOTUPE,,
035325,MOTUPE,,
035326,MOTUPE,,
035327,MOTUPE,,
035328,MOTUPE,,
035329,MOTUPE,,
035330,MOTUPE,,
035331,MOTUPE,,
035332,MOTUPE,,
035333,MOTUPE,,
035334,MOTUPE,,
035335,MOTUPE,,
035336,MOTUPE,,
035337,MOTUPE,,
035338,MOTUPE,,
035339,MOTUPE,,
035340,MOTUPE,,
035341,MOTUPE,,
035342,MOTUPE,,
035343,MOTUPE,,
035344,MOTUPE,,
035345,MOTUPE,,
035346,MOTUPE,,
035347,MOTUPE,,
035348,MOTUPE,,
035349,MOTUPE,,
035350,MOTUPE,,
035351,MOTUPE,,
035352,MOTUPE,,
035353,MOTUPE,,
035354,MOTUPE,,
035355,MOTUPE,,
035356,MOTUPE,,
035357,MOTUPE,,
035358,MOTUPE,,
035359,MOTUPE,,
035360,MOTUPE,,
035361,MOTUPE,,
035362,MOTUPE,,
035363,MOTUPE,,
035364,MOTUPE,,
035365,MOTUPE,,
035366,MOTUPE,,
035367,MOTUPE,,
035368,MOTUPE,,
035369,MOTUPE,,
035370,OLMOS,,
035371,OLMOS,,
035372,OLMOS,,
035373,OLMOS,,
035374,OLMOS,,
035375,OLMOS,,
035376,OLMOS,,
035377,OLMOS,,
035378,OLMOS,,
035379,OLMOS,,
035380,OLMOS,,
035381,OLMOS,,
035382,OLMOS,,
035383,OLMOS,,
035384,OLMOS,,
035385,OLMOS,,
035386,OLMOS,,
035387,OLMOS,,
035388,OLMOS,,
035389,OLMOS,,
035390,OLMOS,,
035391,OLMOS,,
035392,OLMOS,,
035393,OLMOS,,
035394,OLMOS,,
035395,OLMOS,,
035396,OLMOS,,
035397,OLMOS,,
035398,OLMOS,,
035399,OLMOS,,
035400,OLMOS,,
035401,OLMOS,,
035402,OLMOS,,
035403,OLMOS,,
035404,OLMOS,,
035405,OLMOS,,
035406,OLMOS,,
035407,OLMOS,,
035408,OLMOS,,
035409,OLMOS,,
035410,OLMOS,,
035411,OLMOS,,
035412,OLMOS,,
035413,OLMOS,,
035414,OLMOS,,
035415,OLMOS,,
035416,OLMOS,,
035417,OLMOS,,
035418,OLMOS,,
035419,OLMOS,,
035420,OLMOS,,
035421,OLMOS,,
035422,OLMOS,,
035423,OLMOS,,
035424,OLMOS,,
035425,OLMOS,,
035426,OLMOS,,
035427,OLMOS,,
035428,OLMOS,,
035429,OLMOS,,
035430,OLMOS,,
035431,OLMOS,,
035432,OLMOS,,
035433,OLMOS,,
035434,OLMOS,,
035435,OLMOS,,
035436,OLMOS,,
035437,OLMOS,,
035438,OLMOS,,
035439,OLMOS,,
035440,OLMOS,,
035441,OLMOS,,
035442,OLMOS,,
035443,OLMOS,,
035444,OLMOS,,
035445,OLMOS,,
035446,OLMOS,,
035447,OLMOS,,
035448,OLMOS,,
035449,OLMOS,,
035450,OLMOS,,
035451,OLMOS,,
035452,OLMOS,,
035453,OLMOS,,
035454,OLMOS,,
035455,OLMOS,,
035456,OLMOS,,
035457,OLMOS,,
035458,OLMOS,,
035459,OLMOS,,
035460,OLMOS,,
035461,PACORA,,
035462,PACORA,,
035463,PACORA,,
035464,PACORA,,
035465,PACORA,,
035466,PACORA,,
035467,PACORA,,
035468,PACORA,,
035469,PACORA,,
035470,PACORA,,
035471,PACORA,,
035472,PACORA,,
035473,PACORA,,
035474,PACORA,,
035475,PACORA,,
035476,PACORA,,
035477,PACORA,,
035478,PACORA,,
035479,PACORA,,
035480,PACORA,,
035481,PACORA,,
035482,PACORA,,
035483,PACORA,,
035484,SALAS,,
035485,SALAS,,
035486,SALAS,,
035487,SALAS,,
035488,SALAS,,
035489,SALAS,,
035490,SALAS,,
035491,SALAS,,
035492,SALAS,,
035493,SALAS,,
035494,SALAS,,
035495,SALAS,,
035496,SALAS,,
035497,SALAS,,
035498,SALAS,,
035499,SALAS,,
035500,SALAS,,
035501,SALAS,,
035502,SALAS,,
035503,SALAS,,
035504,SALAS,,
035505,SALAS,,
035506,SALAS,,
035507,SALAS,,
035508,SALAS,,
035509,SALAS,,
035510,SALAS,,
035511,SALAS,,
035512,SALAS,,
035513,SALAS,,
035514,SALAS,,
035515,SAN JOSE,,
035516,SAN JOSE,,
035517,SAN JOSE,,
035518,SAN JOSE,,
035519,SAN JOSE,,
035520,SAN JOSE,,
035521,SAN JOSE,,
035522,SAN JOSE,,
035523,SAN JOSE,,
035524,SAN JOSE,,
035525,SAN JOSE,,
035526,SAN JOSE,,
035527,SAN JOSE,,
035528,SAN JOSE,,
035529,SAN JOSE,,
035530,SAN JOSE,,
035531,SAN JOSE,,
035532,SAN JOSE,,
035533,SAN JOSE,,
035534,SAN JOSE,,
035535,SAN JOSE,,
035536,SAN JOSE,,
035537,SAN JOSE,,
035538,SAN JOSE,,
035539,SAN JOSE,,
035540,SAN JOSE,,
035541,SAN JOSE,,
035542,SAN JOSE,,
035543,SAN JOSE,,
035544,SAN JOSE,,
035545,SAN JOSE,,
035546,SAN JOSE,,
035547,SAN JOSE,,
035548,SAN JOSE,,
035549,SAN JOSE,,
035550,SAN JOSE,,
035551,SAN JOSE,,
035552,SAN JOSE,,
035553,SAN JOSE,,
035554,SAN JOSE,,
035555,SAN JOSE,,
035556,SAN JOSE,,
035557,SAN JOSE,,
035558,SAN JOSE,,
035559,TUCUME,,
035560,TUCUME,,
035561,TUCUME,,
035562,TUCUME,,
035563,TUCUME,,
035564,TUCUME,,
035565,TUCUME,,
035566,TUCUME,,
035567,TUCUME,,
035568,TUCUME,,
035569,TUCUME,,
035570,TUCUME,,
035571,TUCUME,,
035572,TUCUME,,
035573,TUCUME,,
035574,TUCUME,,
035575,TUCUME,,
035576,TUCUME,,
035577,TUCUME,,
035578,TUCUME,,
035579,TUCUME,,
035580,TUCUME,,
035581,TUCUME,,
035582,TUCUME,,
035583,TUCUME,,
035584,TUCUME,,
035585,TUCUME,,
035586,TUCUME,,
035587,TUCUME,,
035588,TUCUME,,
035589,TUCUME,,
035590,TUCUME,,
035591,TUCUME,,
035592,TUCUME,,
035593,TUCUME,,
035594,TUCUME,,
035595,TUCUME,,
035596,TUCUME,,
035597,TUCUME,,
035598,TUCUME,,
035599,TUCUME,,
035600,TUCUME,,
035601,TUCUME,,
035602,TUCUME,,
035603,TUCUME,,
035604,TUCUME,,
035605,TUCUME,,
035606,TUCUME,,
035607,TUCUME,,
035608,TUCUME,,
035609,TUCUME,,
035610,TUCUME,,
035611,TUCUME,,
035612,TUCUME,,
035613,TUCUME,,
035614,TUCUME,,
035615,TUCUME,,
035616,TUCUME,,
035617,TUCUME,,
035618,TUCUME,,
035619,TUCUME,,
035620,TUCUME,,
035621,TUCUME,,
035622,TUCUME,,
035623,TUCUME,,
035624,TUCUME,,
035625,TUCUME,,
035626,TUCUME,,
035627,TUCUME,,
903023,INCAHUASI,,
903024,INCAHUASI,,
903025,INCAHUASI,,
903026,INCAHUASI,,
903027,INCAHUASI,,
903028,INCAHUASI,,
903029,INCAHUASI,,
903030,INCAHUASI,,
903031,INCAHUASI,,
903032,INCAHUASI,,
903033,INCAHUASI,,
903034,INCAHUASI,,
903035,INCAHUASI,,
903036,INCAHUASI,,
903037,INCAHUASI,,
903038,INCAHUASI,,
903039,INCAHUASI,,
903040,INCAHUASI,,
903041,INCAHUASI,,
903042,CAÑARIS,,
903043,CAÑARIS,,
903044,CAÑARIS,,
903045,CAÑARIS,,
903046,CAÑARIS,,
903047,CAÑARIS,,
903048,CAÑARIS,,
903049,CAÑARIS,,
903050,CAÑARIS,,
903051,CAÑARIS,,
903052,CAÑARIS,,
903053,CAÑARIS,,
903054,CAÑARIS,,
903055,CAÑARIS,,
903056,CAÑARIS,,
903057,CAÑARIS,,
903058,CAÑARIS,,
903059,CAÑARIS,,
903060,CAÑARIS,,
903061,CAÑARIS,,
903062,CAÑARIS,,
903063,CAÑARIS,,
903064,CAÑARIS,,
903065,CAÑARIS,,
903066,CAÑARIS,,
903067,CAÑARIS,,
903068,CAÑARIS,,
903069,CAÑARIS,,
903070,CAÑARIS,,
903071,CAÑARIS,,
903072,CAÑARIS,,
903073,CAÑARIS,,
903074,PITIPO,,
903075,PITIPO,,
903076,PITIPO,,
903077,LAMBAYEQUE,,
903078,LAMBAYEQUE,,
903079,LAMBAYEQUE,,
903080,LAMBAYEQUE,,
903081,JAYANCA,,
903082,JAYANCA,,
903083,JAYANCA,,
903084,JAYANCA,,
903085,JAYANCA,,
903086,JAYANCA,,
903087,MOCHUMI,,
903088,MOCHUMI,,
903089,MOCHUMI,,
903090,MORROPE,,
903091,MORROPE,,
903092,MORROPE,,
903093,MORROPE,,
903094,MORROPE,,
903095,MORROPE,,
903096,MORROPE,,
903097,MORROPE,,
903098,MORROPE,,
903099,MORROPE,,
903100,MORROPE,,
903101,MORROPE,,
903102,MORROPE,,
903103,MORROPE,,
903104,MORROPE,,
903105,MORROPE,,
903106,MORROPE,,
903107,MORROPE,,
903108,MORROPE,,
903109,MORROPE,,
903110,MORROPE,,
903111,MORROPE,,
903112,MORROPE,,
903113,MORROPE,,
903114,MORROPE,,
903115,MORROPE,,
903116,MORROPE,,
903117,MORROPE,,
903118,MORROPE,,
903119,MORROPE,,
903120,MORROPE,,
903121,MORROPE,,
903122,MORROPE,,
903123,MORROPE,,
903124,MORROPE,,
903125,MORROPE,,
903126,MORROPE,,
903127,MORROPE,,
903128,MOTUPE,,
903129,MOTUPE,,
903130,MOTUPE,,
903131,MOTUPE,,
903132,MOTUPE,,
903133,MOTUPE,,
903134,MOTUPE,,
903135,MOTUPE,,
903136,MOTUPE,,
903137,MOTUPE,,
903138,MOTUPE,,
903139,MOTUPE,,
903140,MOTUPE,,
903141,OLMOS,,
903142,OLMOS,,
903143,OLMOS,,
903144,OLMOS,,
903145,OLMOS,,
903146,OLMOS,,
903147,OLMOS,,
903148,OLMOS,,
903149,OLMOS,,
903150,OLMOS,,
903151,OLMOS,,
903152,OLMOS,,
903153,OLMOS,,
903154,OLMOS,,
903155,OLMOS,,
903156,OLMOS,,
903157,OLMOS,,
903158,OLMOS,,
903159,OLMOS,,
903160,OLMOS,,
903161,OLMOS,,
903162,OLMOS,,
903163,OLMOS,,
903164,OLMOS,,
903165,OLMOS,,
903166,OLMOS,,
903167,OLMOS,,
903168,OLMOS,,
903169,OLMOS,,
903170,OLMOS,,
903171,OLMOS,,
903172,OLMOS,,
903173,OLMOS,,
903174,OLMOS,,
903175,OLMOS,,
903176,OLMOS,,
903177,OLMOS,,
903178,OLMOS,,
903179,OLMOS,,
903180,OLMOS,,
903181,OLMOS,,
903182,OLMOS,,
903183,OLMOS,,
903184,OLMOS,,
903185,OLMOS,,
903186,OLMOS,,
903187,OLMOS,,
903188,OLMOS,,
903189,OLMOS,,
903190,SALAS,,
903191,SALAS,,
903192,SALAS,,
903193,SALAS,,
903194,SALAS,,
903195,SALAS,,
903196,SALAS,,
903197,SALAS,,
903198,SALAS,,
903199,SALAS,,
903200,SALAS,,
903201,SALAS,,
903202,SALAS,,
903203,SALAS,,
903204,SALAS,,
903205,SALAS,,
903206,SALAS,,
