cargo,ambito,territorio,numero,nombre,candidato
consejero,provincia,CHICLAYO,1,JUNTOS POR EL PERÚ,
consejero,provincia,CHICLAYO,2,ACCIÓN POPULAR,
consejero,provincia,CHICLAYO,3,RENOVACIÓN POPULAR PERÚ,
consejero,provincia,CHICLAYO,4,FE EN EL PERÚ,
consejero,provincia,CHICLAYO,5,PARTIDO POPULAR CRISTIANO - PPC,
consejero,provincia,CHICLAYO,6,FRENTE POPULAR AGRÍCOLA FIA DEL PERÚ,
consejero,provincia,CHICLAYO,7,FUERZA POPULAR,
consejero,provincia,CHICLAYO,8,AVANZA PAÍS - PARTIDO DE INTEGRACIÓN SOCIAL,
consejero,provincia,CHICLAYO,9,PARTIDO POLÍTICO PERÚ PRIMERO,
consejero,provincia,CHICLAYO,10,AHORA NACIÓN - AN,
consejero,provincia,CHICLAYO,11,PARTIDO POLÍTICO PUEBLO CONSCIENTE,
consejero,provincia,CHICLAYO,12,PARTIDO DEMOCRÁTICO SOMOS PERÚ,
consejero,provincia,CHICLAYO,13,PARTIDO APRISTA PERUANO,
consejero,provincia,CHICLAYO,14,ALIANZA ELECTORAL VENCEREMOS,
provincia,provincia,CHICLAYO,1,ALIANZA PARA EL PROGRESO,
provincia,provincia,CHICLAYO,2,JUNTOS POR EL PERÚ,
provincia,provincia,CHICLAYO,3,ACCIÓN POPULAR,
provincia,provincia,CHICLAYO,4,RENOVACIÓN POPULAR PERÚ,
provincia,provincia,CHICLAYO,5,FE EN EL PERÚ,
provincia,provincia,CHICLAYO,6,PARTIDO POLÍTICO PRIN,
provincia,provincia,CHICLAYO,7,PARTIDO POPULAR CRISTIANO - PPC,
provincia,provincia,CHICLAYO,8,FRENTE POPULAR AGRÍCOLA FIA DEL PERÚ,
provincia,provincia,CHICLAYO,9,FUERZA POPULAR,
provincia,provincia,CHICLAYO,10,AVANZA PAÍS - PARTIDO DE INTEGRACIÓN SOCIAL,
provincia,provincia,CHICLAYO,11,PARTIDO POLÍTICO PERÚ PRIMERO,
provincia,provincia,CHICLAYO,12,PARTIDO DEL BUEN GOBIERNO,
provincia,provincia,CHICLAYO,13,PARTIDO DEMOCRÁTICO SOMOS PERÚ,
provincia,provincia,CHICLAYO,14,PARTIDO APRISTA PERUANO,
provincia,provincia,CHICLAYO,15,PODEMOS PERÚ,
distrito,distrito,CAYALTI,1,ALIANZA PARA EL PROGRESO,
distrito,distrito,CAYALTI,2,ACCIÓN POPULAR,
distrito,distrito,CAYALTI,3,RENOVACIÓN POPULAR PERÚ,
distrito,distrito,CAYALTI,4,FE EN EL PERÚ,
distrito,distrito,CAYALTI,5,FUERZA POPULAR,
distrito,distrito,CAYALTI,6,AHORA NACIÓN - AN,
distrito,distrito,CAYALTI,7,PARTIDO DEMOCRÁTICO SOMOS PERÚ,
distrito,distrito,CAYALTI,8,PARTIDO APRISTA PERUANO,
distrito,distrito,CAYALTI,9,PODEMOS PERÚ,
distrito,distrito,CAYALTI,10,ALIANZA ELECTORAL VENCEREMOS,
distrito,distrito,CHONGOYAPE,1,ALIANZA PARA EL PROGRESO,
distrito,distrito,CHONGOYAPE,2,FUERZA POPULAR,
distrito,distrito,CHONGOYAPE,3,PARTIDO POLÍTICO PERÚ PRIMERO,
distrito,distrito,CHONGOYAPE,4,PARTIDO DEMOCRÁTICO SOMOS PERÚ,
distrito,distrito,CHONGOYAPE,5,PARTIDO APRISTA PERUANO,
distrito,distrito,ETEN,1,RENOVACIÓN POPULAR PERÚ,
distrito,distrito,ETEN,2,FUERZA POPULAR,
distrito,distrito,ETEN,3,AVANZA PAÍS - PARTIDO DE INTEGRACIÓN SOCIAL,
distrito,distrito,ETEN,4,PARTIDO PAÍS PARA TODOS,
distrito,distrito,ETEN,5,PARTIDO DEMOCRÁTICO SOMOS PERÚ,
distrito,distrito,ETEN,6,PARTIDO APRISTA PERUANO,
distrito,distrito,ETEN PUERTO,1,ALIANZA PARA EL PROGRESO,
distrito,distrito,ETEN PUERTO,2,FUERZA POPULAR,
distrito,distrito,ETEN PUERTO,3,PARTIDO DEMOCRÁTICO SOMOS PERÚ,
distrito,distrito,JOSE LEONARDO ORTIZ,1,ALIANZA PARA EL PROGRESO,
distrito,distrito,JOSE LEONARDO ORTIZ,2,JUNTOS POR EL PERÚ,
distrito,distrito,JOSE LEONARDO ORTIZ,3,ACCIÓN POPULAR,
distrito,distrito,JOSE LEONARDO ORTIZ,4,RENOVACIÓN POPULAR PERÚ,
distrito,distrito,JOSE LEONARDO ORTIZ,5,FE EN EL PERÚ,
distrito,distrito,JOSE LEONARDO ORTIZ,6,PARTIDO POPULAR CRISTIANO - PPC,
distrito,distrito,JOSE LEONARDO ORTIZ,7,FUERZA POPULAR,
distrito,distrito,JOSE LEONARDO ORTIZ,8,AVANZA PAÍS - PARTIDO DE INTEGRACIÓN SOCIAL,
distrito,distrito,JOSE LEONARDO ORTIZ,9,PARTIDO POLÍTICO PERÚ PRIMERO,
distrito,distrito,JOSE LEONARDO ORTIZ,10,AHORA NACIÓN - AN,
distrito,distrito,JOSE LEONARDO ORTIZ,11,PROGRESEMOS,
distrito,distrito,JOSE LEONARDO ORTIZ,12,PARTIDO DEMOCRÁTICO SOMOS PERÚ,
distrito,distrito,JOSE LEONARDO ORTIZ,13,PODEMOS PERÚ,
distrito,distrito,LA VICTORIA,1,ALIANZA PARA EL PROGRESO,
distrito,distrito,LA VICTORIA,2,ACCIÓN POPULAR,
distrito,distrito,LA VICTORIA,3,RENOVACIÓN POPULAR PERÚ,
distrito,distrito,LA VICTORIA,4,PARTIDO POPULAR CRISTIANO - PPC,
distrito,distrito,LA VICTORIA,5,FUERZA POPULAR,
distrito,distrito,LA VICTORIA,6,PARTIDO POLÍTICO PERÚ PRIMERO,
distrito,distrito,LA VICTORIA,7,PROGRESEMOS,
distrito,distrito,LA VICTORIA,8,PARTIDO DEMOCRÁTICO SOMOS PERÚ,
distrito,distrito,LAGUNAS,1,ALIANZA PARA EL PROGRESO,
distrito,distrito,LAGUNAS,2,JUNTOS POR EL PERÚ,
distrito,distrito,LAGUNAS,3,ACCIÓN POPULAR,
distrito,distrito,LAGUNAS,4,RENOVACIÓN POPULAR PERÚ,
distrito,distrito,LAGUNAS,5,FUERZA POPULAR,
distrito,distrito,LAGUNAS,6,PARTIDO DEMOCRÁTICO SOMOS PERÚ,
distrito,distrito,LAGUNAS,7,PARTIDO APRISTA PERUANO,
distrito,distrito,LAGUNAS,8,PODEMOS PERÚ,
distrito,distrito,MONSEFU,1,ALIANZA PARA EL PROGRESO,
distrito,distrito,MONSEFU,2,JUNTOS POR EL PERÚ,
distrito,distrito,MONSEFU,3,PARTIDO POPULAR CRISTIANO - PPC,
distrito,distrito,MONSEFU,4,FUERZA POPULAR,
distrito,distrito,MONSEFU,5,PARTIDO POLÍTICO PERÚ PRIMERO,
distrito,distrito,MONSEFU,6,PARTIDO DEMOCRÁTICO SOMOS PERÚ,
distrito,distrito,MONSEFU,7,PARTIDO APRISTA PERUANO,
distrito,distrito,NUEVA ARICA,1,ALIANZA PARA EL PROGRESO,
distrito,distrito,NUEVA ARICA,2,JUNTOS POR EL PERÚ,
distrito,distrito,NUEVA ARICA,3,ACCIÓN POPULAR,
distrito,distrito,NUEVA ARICA,4,RENOVACIÓN POPULAR PERÚ,
distrito,distrito,NUEVA ARICA,5,FUERZA POPULAR,
distrito,distrito,NUEVA ARICA,6,PARTIDO DEMOCRÁTICO SOMOS PERÚ,
distrito,distrito,OYOTUN,1,ALIANZA PARA EL PROGRESO,
distrito,distrito,OYOTUN,2,ACCIÓN POPULAR,
distrito,distrito,OYOTUN,3,RENOVACIÓN POPULAR PERÚ,
distrito,distrito,OYOTUN,4,FE EN EL PERÚ,
distrito,distrito,OYOTUN,5,FUERZA POPULAR,
distrito,distrito,OYOTUN,6,AVANZA PAÍS - PARTIDO DE INTEGRACIÓN SOCIAL,
distrito,distrito,OYOTUN,7,AHORA NACIÓN - AN,
distrito,distrito,OYOTUN,8,PARTIDO DEMOCRÁTICO SOMOS PERÚ,
distrito,distrito,OYOTUN,9,PARTIDO APRISTA PERUANO,
distrito,distrito,PATAPO,1,ALIANZA PARA EL PROGRESO,
distrito,distrito,PATAPO,2,ACCIÓN POPULAR,
distrito,distrito,PATAPO,3,RENOVACIÓN POPULAR PERÚ,
distrito,distrito,PATAPO,4,FUERZA POPULAR,
distrito,distrito,PATAPO,5,AVANZA PAÍS - PARTIDO DE INTEGRACIÓN SOCIAL,
distrito,distrito,PATAPO,6,PARTIDO DEMOCRÁTICO SOMOS PERÚ,
distrito,distrito,PATAPO,7,PARTIDO APRISTA PERUANO,
distrito,distrito,PATAPO,8,ALIANZA ELECTORAL VENCEREMOS,
distrito,distrito,PICSI,1,ALIANZA PARA EL PROGRESO,
distrito,distrito,PICSI,2,ACCIÓN POPULAR,
distrito,distrito,PICSI,3,FUERZA POPULAR,
distrito,distrito,PICSI,4,PARTIDO POLÍTICO PERÚ PRIMERO,
distrito,distrito,PIMENTEL,1,ALIANZA PARA EL PROGRESO,
distrito,distrito,PIMENTEL,2,RENOVACIÓN POPULAR PERÚ,
distrito,distrito,PIMENTEL,3,PARTIDO POPULAR CRISTIANO - PPC,
distrito,distrito,PIMENTEL,4,FUERZA POPULAR,
distrito,distrito,PIMENTEL,5,AHORA NACIÓN - AN,
distrito,distrito,PIMENTEL,6,PARTIDO DEMOCRÁTICO SOMOS PERÚ,
distrito,distrito,POMALCA,1,ALIANZA PARA EL PROGRESO,
distrito,distrito,POMALCA,2,RENOVACIÓN POPULAR PERÚ,
distrito,distrito,POMALCA,3,PARTIDO POPULAR CRISTIANO - PPC,
distrito,distrito,POMALCA,4,FUERZA POPULAR,
distrito,distrito,POMALCA,5,AVANZA PAÍS - PARTIDO DE INTEGRACIÓN SOCIAL,
distrito,distrito,POMALCA,6,PARTIDO DEMOCRÁTICO SOMOS PERÚ,
distrito,distrito,POMALCA,7,PARTIDO APRISTA PERUANO,
distrito,distrito,PUCALA,1,ALIANZA PARA EL PROGRESO,
distrito,distrito,PUCALA,2,PARTIDO POPULAR CRISTIANO - PPC,
distrito,distrito,PUCALA,3,FUERZA POPULAR,
distrito,distrito,PUCALA,4,PARTIDO POLÍTICO PERÚ PRIMERO,
distrito,distrito,PUCALA,5,PARTIDO DEMOCRÁTICO SOMOS PERÚ,
distrito,distrito,REQUE,1,ALIANZA PARA EL PROGRESO,
distrito,distrito,REQUE,2,ACCIÓN POPULAR,
distrito,distrito,REQUE,3,RENOVACIÓN POPULAR PERÚ,
distrito,distrito,REQUE,4,FUERZA POPULAR,
distrito,distrito,REQUE,5,PARTIDO POLÍTICO PERÚ PRIMERO,
distrito,distrito,REQUE,6,PARTIDO DEMOCRÁTICO SOMOS PERÚ,
distrito,distrito,REQUE,7,PERÚ MODERNO,
distrito,distrito,SANTA ROSA,1,ALIANZA PARA EL PROGRESO,
distrito,distrito,SANTA ROSA,2,RENOVACIÓN POPULAR PERÚ,
distrito,distrito,SANTA ROSA,3,FUERZA POPULAR,
distrito,distrito,SANTA ROSA,4,AVANZA PAÍS - PARTIDO DE INTEGRACIÓN SOCIAL,
distrito,distrito,SAÑA,1,ALIANZA PARA EL PROGRESO,
distrito,distrito,SAÑA,2,FUERZA POPULAR,
distrito,distrito,SAÑA,3,AVANZA PAÍS - PARTIDO DE INTEGRACIÓN SOCIAL,
distrito,distrito,SAÑA,4,PARTIDO DEMOCRÁTICO SOMOS PERÚ,
distrito,distrito,SAÑA,5,ALIANZA ELECTORAL VENCEREMOS,
distrito,distrito,TUMAN,1,RENOVACIÓN POPULAR PERÚ,
distrito,distrito,TUMAN,2,PARTIDO POPULAR CRISTIANO - PPC,
distrito,distrito,TUMAN,3,FUERZA POPULAR,
distrito,distrito,TUMAN,4,AVANZA PAÍS - PARTIDO DE INTEGRACIÓN SOCIAL,
distrito,distrito,TUMAN,5,PARTIDO POLÍTICO PERÚ PRIMERO,
distrito,distrito,TUMAN,6,AHORA NACIÓN - AN,
distrito,distrito,TUMAN,7,PARTIDO DEMOCRÁTICO SOMOS PERÚ,
